Wall time,Step,Value
1685427871.055059,0,0.8191890120506287
1685428871.171424,10,0.6271113753318787
1685429871.184845,20,0.7601369023323059
1685430871.1480277,30,0.7815755009651184
1685431871.0831106,40,0.892549991607666
1685432871.3172503,50,0.8626503348350525
1685433871.4982953,60,0.8716000914573669
1685434871.8321145,70,0.8564982414245605
1685435876.0181038,80,0.859279453754425
1685436880.0815122,90,0.881909191608429
